{
  "parameters": {
    "x1": 0.6,
    "x2": 0.719017,
    "Delta_X1": 0.00020649071301270848,
    "x3": 0.692349,
    "FractionY": 0.07422100000000001,
    "DeltaX4": 0.03097300000000003,
    "Delta_angolo": 155.130668,
    "x6": 0.767856,
    "Delta_Lip": 0.05533900000000003,
    "DeltaTE_main": 0.0027340000000000003,
    "TwistMain": 0.0,
    "x7": 0.80723,
    "DeltaX9": 0.01891900000000002,
    "DeltaY9": 0.925718,
    "DeltaX10": -0.012826000000000004,
    "DeltaY10": -0.254139,
    "DeltaX11": 0.09559479202575538,
    "x12": 0.7585932395245168,
    "xh_flap": 0.730843,
    "yh_flap": -0.054819,
    "FlapDeflection": 0.0,
    "flap_deflect": 0.0,
    "flap_deflection": 0.0
  },
  "slot_control_points": [
    [
      0.6,
      -0.034305204091758745
    ],
    [
      0.719017,
      -0.021063144400358898
    ],
    [
      0.692349,
      -0.0142643531053297
    ],
    [
      0.661376,
      0.023749109697854324
    ],
    [
      0.712517,
      0.062441727253496664
    ],
    [
      0.767856,
      0.05353334667209143
    ]
  ],
  "flap_control_points": [
    [
      0.80723,
      0.04781339776585158
    ],
    [
      0.767856,
      0.05626734667209143
    ],
    [
      0.711268,
      0.05198970272376574
    ],
    [
      0.698442,
      0.03380085958325158
    ],
    [
      0.6629984474987615,
      -0.027118087667162002
    ],
    [
      0.7585932395245168,
      -0.01628836047548294
    ]
  ],
  "hinge_point": [
    0.730843,
    -0.054819
  ],
  "magnetic_snap": true
}