{
  "parameters": {
    "x1": 0.6,
    "x2": 0.703652,
    "Delta_X1": 0.00020649071300334263,
    "x3": 0.688297,
    "FractionY": 0.203434,
    "DeltaX4": 0.018067939810236466,
    "Delta_angolo": 197.54958649370656,
    "x6": 0.767369,
    "Delta_Lip": 0.06742930728651586,
    "DeltaTE_main": 0.003707000000000002,
    "Twist Main": 0.0,
    "x7": 0.834513,
    "DeltaX9": 0.012565293451918924,
    "DeltaY9": 0.777321034242957,
    "DeltaX10": -0.01281232066827187,
    "DeltaY10": -0.5040154621219957,
    "DeltaX11": 0.050000000000000044,
    "x12": 0.73,
    "xh_flap": 0.7214736900082293,
    "yh_flap": -0.02837663203565192,
    "Flap Deflection": 0.0,
    "x13": 0.209272,
    "y13": 0.083051,
    "x14": 0.157787,
    "y14": 0.073454,
    "x15": 0.120551,
    "y15": 0.031753,
    "x16": 0.111776,
    "y16": 0.003804,
    "x17": 0.109828,
    "y17": -0.038548,
    "x18": 0.156024,
    "y18": -0.043585,
    "x19": 0.075331,
    "y19": -0.03343,
    "x20": 0.132891,
    "y20": -0.041285,
    "x21": 0.109598,
    "y21": -0.026155,
    "x22": 0.083632,
    "y22": 0.00362,
    "x23": 0.10105178504586361,
    "y23": 0.041236731307329494,
    "x24": 0.154236,
    "y24": 0.066666,
    "xh_slat": 0.159153,
    "yh_slat": -0.012014,
    "Slat Deflection": 0.0
  },
  "main_slot_flap_control_points": [
    [
      0.6,
      -0.034305204091758745
    ],
    [
      0.703652,
      -0.022772683770012812
    ],
    [
      0.688297,
      -0.0036434347929084863
    ],
    [
      0.6702290601897636,
      0.023448028082562446
    ],
    [
      0.6999396927134841,
      0.06221092349742533
    ],
    [
      0.767369,
      0.05265661547537588
    ]
  ],
  "flap_control_points": [
    [
      0.834513,
      0.04144863389752819
    ],
    [
      0.767369,
      0.05636361547537588
    ],
    [
      0.700862293451919,
      0.052104880780805635
    ],
    [
      0.6880499727836471,
      0.015957636851180866
    ],
    [
      0.6799999999999999,
      -0.02499669377804005
    ],
    [
      0.73,
      -0.01939623361250857
    ]
  ],
  "hinge_point_flap": [
    0.7214736900082293,
    -0.02837663203565192
  ],
  "main_slot_slat_control_points": [
    [
      0.209272,
      0.083051
    ],
    [
      0.157787,
      0.073454
    ],
    [
      0.120551,
      0.031753
    ],
    [
      0.111776,
      0.003804
    ],
    [
      0.109828,
      -0.038548
    ],
    [
      0.156024,
      -0.043585
    ]
  ],
  "slat_control_points": [
    [
      0.075331,
      -0.03343
    ],
    [
      0.132891,
      -0.041285
    ],
    [
      0.109598,
      -0.026155
    ],
    [
      0.083632,
      0.00362
    ],
    [
      0.10105178504586361,
      0.041236731307329494
    ],
    [
      0.154236,
      0.066666
    ]
  ],
  "hinge_point_slat": [
    0.159153,
    -0.012014
  ],
  "magnetic_snap": true
}