{
  "parameters": {
    "x1": 0.6,
    "x2": 0.716244,
    "Delta_X1": 0.00020649071301112473,
    "x3": 0.6923490282001463,
    "FractionY": 0.08167467893304448,
    "DeltaX4": 0.029443763135432288,
    "Delta_angolo": -39.79362335942479,
    "x6": 0.767856,
    "Delta_Lip": 0.04922224790578367,
    "DeltaTE_main": 0.0027340000000000003,
    "TwistMain": 0.0,
    "x7": 0.8276511706785538,
    "DeltaX9": 0.018919202907431543,
    "DeltaY9": 0.9257178917969282,
    "DeltaX10": -0.012826392387998209,
    "DeltaY10": -0.25413872680815475,
    "DeltaX11": 0.07622394011887068,
    "x12": 0.7465413078751854,
    "xh": 0.7308427842071252,
    "yh": -0.05481884677384552,
    "flap_deflect": 0.0,
    "flap_deflection": 0.0
  },
  "slot_control_points": [
    [
      0.6,
      -0.034305204091758745
    ],
    [
      0.716244,
      -0.021371673698897788
    ],
    [
      0.6923490282001463,
      -0.013864911959230092
    ],
    [
      0.662905265064714,
      0.03188259454679894
    ],
    [
      0.7186337520942163,
      0.055974972219874075
    ],
    [
      0.767856,
      0.05353334667209143
    ]
  ],
  "flap_control_points": [
    [
      0.8276511706785538,
      0.04308679895988112
    ],
    [
      0.767856,
      0.05626734667209143
    ],
    [
      0.7112682311075779,
      0.05238913612572257
    ],
    [
      0.6984418387195797,
      0.0342003125376723
    ],
    [
      0.6703173677563147,
      -0.026263852897474044
    ],
    [
      0.7465413078751854,
      -0.0175702921248143
    ]
  ],
  "hinge_point": [
    0.7308427842071252,
    -0.05481884677384552
  ],
  "magnetic_snap": true
}