{
  "parameters": {
    "x1": 0.6,
    "x2": 0.675,
    "x3": 0.6887417347033703,
    "y3": 0.012516530593259547,
    "x4": 0.6935370036941787,
    "y4": 0.034762207804289375,
    "x5": 0.6972755564525104,
    "y5": 0.05700788501531922,
    "x6": 0.76,
    "DeltaTE_main": 0.003999999999999997,
    "Twist Main": 0.0,
    "x7": 0.84,
    "x8": 0.76,
    "x9": 0.7,
    "y9": 0.052,
    "x10": 0.69,
    "y10": 0.016,
    "x11": 0.68,
    "x12": 0.7459874119144,
    "xh_flap": 0.75,
    "yh_flap": -0.1,
    "Flap Deflection": 0.0,
    "x13": 0.17126292676131827,
    "x14": 0.14,
    "x15": 0.10000271521385948,
    "y15": 0.03232988619698178,
    "x16": 0.09592541436914134,
    "y16": -0.016309203378872525,
    "x17": 0.11184539831056373,
    "x18": 0.14417799972140496,
    "x19": 0.05744789588421342,
    "x20": 0.10941752845075454,
    "x21": 0.1,
    "y21": -0.01,
    "x22": 0.1,
    "y22": 0.02,
    "x23": 0.10252585352263657,
    "y23": 0.051710303199148475,
    "x24": 0.13832409303557985,
    "y24": 0.0660033720075645,
    "xh_slat": 0.08,
    "yh_slat": -0.08,
    "Slat Deflection": 0.0,
    "null": 10.0,
    "y11": -0.02513373522525022,
    "y13": 0.07616778688401873,
    "y14": 0.06941533137392619,
    "y17": -0.0388184652496323,
    "y18": -0.042430180549863014,
    "y19": -0.030066272176654373,
    "y20": -0.03849296101913279
  },
  "main_slot_flap_control_points": [
    [
      0.6,
      -0.034305204091758745
    ],
    [
      0.675,
      -0.025717315001793337
    ],
    [
      0.6887417347033703,
      0.012516530593259547
    ],
    [
      0.6935370036941787,
      0.034762207804289375
    ],
    [
      0.6972755564525104,
      0.05700788501531922
    ],
    [
      0.76,
      0.053820298866347344
    ]
  ],
  "flap_control_points": [
    [
      0.84,
      0.040138689963330164
    ],
    [
      0.76,
      0.05782029886634734
    ],
    [
      0.7,
      0.052
    ],
    [
      0.69,
      0.016
    ],
    [
      0.68,
      -0.02513373522525022
    ],
    [
      0.7459874119144,
      -0.01762920855275529
    ]
  ],
  "hinge_point_flap": [
    0.75,
    -0.1
  ],
  "main_slot_slat_control_points": [
    [
      0.17126292676131827,
      0.07616778688401873
    ],
    [
      0.14,
      0.06941533137392619
    ],
    [
      0.10000271521385948,
      0.03232988619698178
    ],
    [
      0.09592541436914134,
      -0.016309203378872525
    ],
    [
      0.11184539831056373,
      -0.0388184652496323
    ],
    [
      0.14417799972140496,
      -0.042430180549863014
    ]
  ],
  "slat_control_points": [
    [
      0.05744789588421342,
      -0.030066272176654373
    ],
    [
      0.10941752845075454,
      -0.03849296101913279
    ],
    [
      0.1,
      -0.01
    ],
    [
      0.1,
      0.02
    ],
    [
      0.10252585352263657,
      0.051710303199148475
    ],
    [
      0.13832409303557985,
      0.0660033720075645
    ]
  ],
  "hinge_point_slat": [
    0.08,
    -0.08
  ],
  "magnetic_snap": false
}